board,route,appVersion,url,imei,nfc,airmode,printer,dialer,terminal,status
"","","1.0.32","http://10.131.214.135:8080","863717050703664","on","off","STS_NO_JWT",,"T155567","VehicleStatusActive"
"","","1.0.32","http://10.131.214.124:8080","863717050733877","on","off","STS_NO_JWT",,"T157443","VehicleStatusActive"
"","","1.0.32","http://10.131.214.118:8080","863717050736391","on","off","STS_NO_JWT",,"T156989","VehicleStatusInRepair"
"","","1.0.32","http://10.131.239.160:8080","863717050727838","on","off","STS_NO_JWT",,"T155769","VehicleStatusActive"
"","","1.0.32","http://10.131.239.129:8080","863717050731095","on","off","STS_NO_JWT",,"T153690","VehicleStatusActive"
"","","1.0.32","http://10.131.239.108:8080","863717050727473","on","off","STS_NO_JWT",,"T155406","VehicleStatusActive"
"","","1.0.32","http://10.131.239.163:8080","863717050704001","on","off","STS_NO_JWT",,"T155656","VehicleStatusActive"
"","","1.0.32","http://10.131.240.14:8080","863717050704985","on","off","STS_NO_JWT",,"T155496","Unknown"
"","","1.0.32","http://10.131.240.32:8080","863717050732739","on","off","STS_NO_JWT",,"T155632","VehicleStatusUnknown"
"","","1.0.32","http://10.131.240.196:8080","863717050700728","on","off","STS_NO_JWT",,"T128295","VehicleStatusInRepair"
"","","1.0.32","http://10.131.240.117:8080","863717050735930","on","off","STS_NO_JWT",,"","Unknown"
"594EW02","","0.0.27","http://10.131.213.84:8080","863717050729875","off",,,,"","Unknown"
"(9001) 901CO02","100","1.0.32","http://10.131.240.114:8080","863717050704324","on","off","STS_NORMAL",,"T128242","VehicleStatusInRepair"
"(9002) 904CO02","100","1.0.32","http://10.131.240.76:8080","863717050719199","on","off","STS_NORMAL",,"T128308","VehicleStatusActive"
"(9003) 905CO02","100","1.0.32","http://10.131.240.154:8080","863717050737274","on","off","STS_NORMAL",,"T128305","VehicleStatusActive"
"(9004) 907CO02","100","1.0.32","http://10.131.240.129:8080","863717050729594","on","off","STS_NORMAL",,"T128304","VehicleStatusActive"
"(9005) 910CO02","100","1.0.32","http://10.131.239.151:8080","863717050720072","on","off","STS_NORMAL",,"T128317","VehicleStatusActive"
"(9007) 916CO02","100","1.0.32","http://10.131.240.95:8080","863717050725816","on","off","STS_NORMAL",,"T128310","VehicleStatusActive"
"(9008) 918CO02","100","1.0.32","http://10.131.240.94:8080","863717050727598","on","off","STS_NORMAL",,"T128524","VehicleStatusActive"
"(9009) 920CO02","100","1.0.32","http://10.131.240.152:8080","863717050730394","on","off","STS_NORMAL",,"T128523","VehicleStatusActive"
"(9010) 921CO02","100","1.0.32","http://10.131.240.131:8080","863717050702740","on","off","STS_NORMAL",,"T012864","VehicleStatusActive"
"(9011) 922CO02","100","1.0.32","http://10.131.240.69:8080","863717050715130","on","off","STS_NORMAL",,"T128515","VehicleStatusActive"
"(9012) 923CO02","100","1.0.32","http://10.131.240.132:8080","863717050700389","on","off","STS_NORMAL",,"T128512","VehicleStatusIdle"
"(9013) 924CO02","100","1.0.32","http://10.131.205.241:8080","863717050731699","on","off","STS_NORMAL",,"T128511","VehicleStatusActive"
"(9015) 927CO02","100","1.0.32","http://10.131.240.200:8080","863717050719397","on","off","STS_NORMAL",,"T128323","VehicleStatusActive"
"(9016) 929CO02","100","1.0.32","http://10.131.240.151:8080","863717050718654","on","off","STS_NORMAL",,"T128321","VehicleStatusActive"
"(9017) 931CO02","100","1.0.32","http://10.131.240.182:8080","863717050728950","on","off","STS_NORMAL",,"T128318","VehicleStatusActive"
"(9018) 935CO02","100","1.0.32","http://10.131.239.176:8080","863717050732275","on","off","STS_NORMAL",,"T128233","VehicleStatusActive"
"(9019) 936CO02","100","1.0.32","http://10.131.240.67:8080","863717050720718","on","off","STS_NORMAL",,"T128506","VehicleStatusActive"
"(9041) 965CO02","100","1.0.32","http://10.131.240.90:8080","863717050724637","on","off","STS_NORMAL",,"T050910","VehicleStatusActive"
"(9042) 966CO02","100","1.0.32","http://10.131.240.10:8080","863717050706444","on","off","STS_NORMAL",,"T050621","VehicleStatusActive"
"(9070) 480CS02","100","1.0.32","http://10.131.240.66:8080","863717050714539","on","off","STS_NORMAL",,"T128218","VehicleStatusUnknown"
"(9073) 869CS02","100","1.0.32","http://10.131.240.100:8080","863717050721831","on","off","STS_NORMAL",,"T128299","VehicleStatusActive"
"(9074) 419CS02","100","1.0.32","http://10.131.240.217:8080","863717050722730","on","off","STS_NORMAL",,"T128255","VehicleStatusInRepair"
"(9076) 427CS02","100","1.0.32","http://10.131.240.39:8080","863717050724736","on","off","STS_NORMAL",,"T128248","VehicleStatusActive"
"(9077) 439CS02","100","1.0.32","http://10.131.240.126:8080","863717050722755","on","off","STS_NORMAL",,"T128221","VehicleStatusActive"
"(9078) 879CS02","100","1.0.32","http://10.131.240.155:8080","863717050727671","on","off","STS_NORMAL",,"T128238","VehicleStatusActive"
"(9079) 872CS02","100","1.0.32","http://10.131.240.99:8080","863717050729214","on","off","STS_NORMAL",,"","VehicleStatusActive"
"(9080) 824CS02","100","1.0.32","http://10.131.240.189:8080","863717050716336","on","off","STS_NORMAL",,"T128273","VehicleStatusActive"
"(9081) 438CS02","100","1.0.32","http://10.131.240.83:8080","863717050736995","on","off","UNKNOWN",,"T128224","VehicleStatusActive"
"(9083) 398CS02","100","1.0.32","http://10.131.240.72:8080","863717050718811","on","off","STS_NORMAL",,"T128413","VehicleStatusActive"
"(9087) 368CS02","100","1.0.32","http://10.131.240.97:8080","863717050725519","on","off","STS_NORMAL",,"T128297","VehicleStatusInRepair"
"(9088) 355CS02","100","1.0.32","http://10.131.240.64:8080","863717050719496","on","off","UNKNOWN",,"T128228","VehicleStatusActive"
"(9089) 874CS02","100","1.0.32","http://10.131.239.170:8080","863717050725832","on","off","STS_NORMAL",,"T128286","VehicleStatusActive"
"(9090) 370CS02","100","1.0.32","http://10.131.240.118:8080","863717050733158","on","off","STS_NORMAL",,"T128423","VehicleStatusUnknown"
"(9091) 371CS02","100","1.0.32","http://10.131.240.86:8080","863717050729917","on","off","STS_NORMAL",,"T128420","VehicleStatusActive"
"(9092) 876CS02","100","1.0.32","http://10.131.240.158:8080","863717050733893","on","off","STS_NORMAL",,"T128281","VehicleStatusActive"
"(9093) 358CS02","100","1.0.32","http://10.131.240.68:8080","863717050704506","on","off","STS_NORMAL",,"T128296","VehicleStatusActive"
"(9095) 867CS02","100","1.0.32","http://10.131.240.156:8080","863717050733034","on","off","STS_NORMAL",,"T128244","VehicleStatusActive"
"(9121) 248EN02","100","1.0.32","http://10.131.240.130:8080","863717050704761","on","off","STS_NORMAL",,"T155711","VehicleStatusActive"
"(9122) 249ER02","100","1.0.32","http://10.131.240.194:8080","863717050705925","on","off","STS_NORMAL",,"T155714","VehicleStatusActive"
"(9186) 885ET02","100","1.0.32","http://10.131.240.53:8080","863717050737910","on","off","STS_NORMAL",,"T154772","VehicleStatusActive"
"(9218) 018EU02","100","1.0.32","http://10.131.240.149:8080","863717050731152","on","off","UNKNOWN",,"T154716","VehicleStatusActive"
"(9219) 279EU02","100","1.0.32","http://10.131.240.201:8080","863717050725238","on","off","STS_NORMAL",,"T154745","VehicleStatusInRepair"
"(9152) 401ER02","112","1.0.32","http://10.131.239.173:8080","863717050734651","on","off","STS_NORMAL",,"T154480","VehicleStatusActive"
"(9158) 398ER02","112","1.0.32","http://10.131.239.128:8080","863717050710495","on","off","STS_NORMAL",,"T155765","VehicleStatusActive"
"(9159) 411ER02","112","1.0.32","http://10.131.240.36:8080","863717050728976","on","off","STS_NORMAL",,"T155676","VehicleStatusUnknown"
"(9160) 430ER02","112","1.0.32","http://10.131.239.162:8080","863717050730154","on","off","STS_NORMAL",,"T155652","VehicleStatusActive"
"(9162) 452ER02","112","1.0.32","http://10.131.239.96:8080","863717050737035","on","off","STS_NORMAL",,"T154449","VehicleStatusActive"
"(9163) 462ER02","112","1.0.32","http://10.131.240.37:8080","863717050738231","on","off","STS_NORMAL",,"T155579","VehicleStatusInRepair"
"(9164) 473ER02","112","1.0.32","http://10.131.239.130:8080","863717050730451","on","off","STS_NORMAL",,"","VehicleStatusActive"
"(9165) 476ER02","112","1.0.32","http://10.131.240.27:8080","863717050738256","on","off","UNKNOWN",,"T155692","VehicleStatusActive"
"(9166) 480ER02","112","1.0.32","http://10.131.239.153:8080","863717050731970","on","off","STS_NORMAL",,"T155474","VehicleStatusActive"
"(9167) 485ER02","112","1.0.32","http://10.131.239.154:8080","863717050725873","on","off","STS_NORMAL",,"T154488","VehicleStatusActive"
"(9168) 487ER02","112","1.0.32","http://10.131.239.169:8080","863717050725618","on","off","UNKNOWN",,"T155674","VehicleStatusActive"
"(9170) 492ER02","112","1.0.32","http://10.131.239.131:8080","863717050728836","on","off","UNKNOWN",,"","VehicleStatusActive"
"(9171) 493ER02","112","1.0.32","http://10.131.240.31:8080","863717050736094","on","off","STS_NORMAL",,"T155540","VehicleStatusActive"
"(9172) 496ER02","112","1.0.32","http://10.131.239.172:8080","863717050735617","on","off","STS_NORMAL",,"T154383","VehicleStatusActive"
"(9173) 497ER02","112","1.0.32","http://10.131.239.155:8080","863717050736250","on","off","STS_NORMAL",,"T155650","VehicleStatusActive"
"(9174) 502ER02","112","1.0.32","http://10.131.239.135:8080","863717050727333","on","off","STS_NORMAL",,"T154484","VehicleStatusActive"
"(9175) 503ER02","112","1.0.32","http://10.131.240.29:8080","863717050736730","on","off","UNKNOWN",,"T155651","VehicleStatusActive"
"(9177) 458ER02","112","1.0.32","http://10.131.239.136:8080","863717050730535","off","off","STS_NORMAL",,"T155686","VehicleStatusActive"
"(9179) 525ER02","112","1.0.32","http://10.131.239.99:8080","863717050734115","on","off","STS_NORMAL",,"T155767","VehicleStatusActive"
"(9181) 830ET02","112","1.0.32","http://10.131.239.100:8080","863717050722870","on","off","UNKNOWN",,"T154482","VehicleStatusActive"
"(9182) 832ET02","112","1.0.32","http://10.131.239.159:8080","863717050701429","on","off","STS_NORMAL",,"T155772","VehicleStatusActive"
"(9183) 834ET02","112","1.0.32","http://10.131.239.221:8080","863717050724579","on","off","UNKNOWN",,"T155430","VehicleStatusActive"
"(9196) 172EU02","133","1.0.32","http://10.131.240.33:8080","863717050733752","on","off","UNKNOWN",,"T155424","VehicleStatusActive"
"(9197) 240EU02","133","1.0.32","http://10.131.239.190:8080","863717050708382","on","off","STS_NORMAL",,"T154514","VehicleStatusActive"
"(9198) 237EU02","133","1.0.32","http://10.131.240.21:8080","863717050727572","on","off","STS_NORMAL",,"T155409","VehicleStatusActive"
"(9199) 199EU02","133","1.0.32","http://10.131.239.186:8080","863717050732770","on","off","STS_NORMAL",,"T154563","VehicleStatusActive"
"(9200) 236EU02","133","1.0.32","http://10.131.239.187:8080","863717050721278","on","off","UNKNOWN",,"T155810","VehicleStatusActive"
"(9201) 294EU02","133","1.0.32","http://10.131.240.38:8080","863717050736896","on","off","STS_NORMAL",,"T154575","VehicleStatusActive"
"(9204) 179EU02","133","1.0.32","http://10.131.240.48:8080","863717050729099","on","off","UNKNOWN",,"T155649","VehicleStatusActive"
"(9205) 316EU02","133","1.0.32","http://10.131.239.118:8080","863717050733810","on","off","UNKNOWN",,"T155535","VehicleStatusActive"
"(9206) 147EU02","133","1.0.32","http://10.131.239.184:8080","863717050706022","on","off","STS_NORMAL",,"T155565","VehicleStatusActive"
"(9207) 283EU02","133","1.0.32","http://10.131.240.28:8080","863717050731558","on","off","STS_NORMAL",,"T155644","VehicleStatusActive"
"(9208) 374EU02","133","1.0.32","http://10.131.240.30:8080","863717050736078","on","off","UNKNOWN",,"T155647","VehicleStatusInRepair"
"(9209) 292EU02","133","1.0.32","http://10.131.239.104:8080","863717050728935","on","off","STS_NORMAL",,"T154498","VehicleStatusActive"
"(9210) 402EU02","133","1.0.32","http://10.131.240.20:8080","863717050738298","on","off","STS_NORMAL",,"T155428","VehicleStatusActive"
"(9211) 384EU02","133","1.0.32","http://10.131.240.34:8080","863717050704480","on","off","STS_NORMAL",,"T154486","VehicleStatusActive"
"(9212) 381EU02","133","1.0.32","http://10.131.214.134:8080","863717050728232","on","off","UNKNOWN",,"T155548","VehicleStatusActive"
"(9214) 313EU02","133","1.0.32","http://10.131.239.174:8080","863717050728877","on","off","STS_NORMAL",,"T155653","VehicleStatusActive"
"(5037) 318HD02","18","1.0.32","http://10.131.214.61:8080","863717050734032","on","off","STS_NORMAL",,"T060601","VehicleStatusActive"
"(5038) 339HD02","18","1.0.32","http://10.131.214.64:8080","863717050724611","on","off","STS_NORMAL",,"T059976","VehicleStatusActive"
"(5050) 344HD02","18","1.0.32","http://10.131.214.97:8080","863717050702260","on","off","UNKNOWN",,"T060587","VehicleStatusActive"
"(5051) 894LF02","18","1.0.32","http://10.131.214.155:8080","863717050722516","on","off","STS_NORMAL",,"T012382","VehicleStatusActive"
"(5052) 866LF02","18","1.0.32","http://10.131.214.63:8080","863717050728679","on","off","STS_NORMAL",,"T014581","VehicleStatusActive"
"(5055) 862LF02","18","1.0.32","http://10.131.214.223:8080","863717050715015","on","off","STS_NORMAL",,"T012001","VehicleStatusActive"
"(5056) 883LF02","18","1.0.32","http://10.131.214.47:8080","863717050705545","on","off","STS_NORMAL",,"T012559","VehicleStatusActive"
"(5058) 885LF02","18","1.0.32","http://10.131.214.74:8080","863717050734750","on","off","STS_NORMAL",,"T013575","VehicleStatusActive"
"(5059) 867LF02","18","1.0.32","http://10.131.214.241:8080","863717050724694","on","off","UNKNOWN",,"T012732","VehicleStatusIdle"
"(5061) 887LF02","18","1.0.32","http://10.131.214.154:8080","863717050732051","on","off","STS_NORMAL",,"T012015","VehicleStatusActive"
"(5063) 873LF02","18","1.0.32","http://10.131.240.77:8080","863717050723530","on","off","STS_NORMAL",,"T157725","VehicleStatusActive"
"(5065) 899LF02","18","1.0.32","http://10.131.214.152:8080","863717050701361","on","off","STS_NORMAL",,"T014900","VehicleStatusIdle"
"(5072) 884LF02","18","1.0.32","http://10.131.214.149:8080","863717050710370","on","off","STS_NORMAL",,"T012005","VehicleStatusActive"
"(5073) 879LF02","18","1.0.32","http://10.131.214.224:8080","863717050711956","on","off","STS_NORMAL",,"T012093","VehicleStatusActive"
"(5091) 966AP02","18","1.0.32","http://10.131.214.81:8080","863717050724074","on","off","STS_NORMAL",,"T138989","VehicleStatusActive"
"(5103) 953AP02","18","1.0.32","http://10.131.214.84:8080","863717050737050","on","off","STS_NORMAL",,"T138995","VehicleStatusActive"
"(5074) 959AP02","19","1.0.32","http://10.131.214.51:8080","863717050705164","on","off","STS_NORMAL",,"T157779","VehicleStatusActive"
"(5078) 994AP02","19","1.0.32","http://10.131.239.252:8080","863717050724835","on","off","STS_NORMAL",,"T157001","VehicleStatusActive"
"(5092) 238AJ02","19","1.0.32","http://10.131.214.49:8080","863717050722854","on","off","STS_NORMAL",,"T045814","VehicleStatusActive"
"(5094) 988AP02","19","1.0.32","http://10.131.239.122:8080","863717050737399","on","off","STS_NORMAL",,"T045879","VehicleStatusActive"
"(5095) 215AJ02","19","1.0.32","http://10.131.239.115:8080","863717050728778","on","off","STS_NORMAL",,"T155099","VehicleStatusActive"
"(5096) 263AJ02","19","1.0.32","http://10.131.214.112:8080","863717050705826","on","off","STS_NORMAL",,"T156999","VehicleStatusActive"
"(5097) 294AJ02","19","1.0.32","http://10.131.214.128:8080","863717050729834","on","off","STS_NORMAL",,"","VehicleStatusActive"
"(5098) 971AQ02","19","1.0.32","http://10.131.214.125:8080","863717050708523","on","off","STS_NORMAL",,"T155016","VehicleStatusActive"
"(5099) 957AP02","19","1.0.32","http://10.131.214.90:8080","863717050736433","on","off","STS_NORMAL",,"T157770","VehicleStatusActive"
"(5100) 274AJ02","19","1.0.32","http://10.131.239.109:8080","863717050738272","on","off","STS_NORMAL",,"T155007","VehicleStatusActive"
"(5104) 279AJ02","19","1.0.32","http://10.131.214.82:8080","863717050707442","on","off","STS_NORMAL",,"T045911","VehicleStatusActive"
"(5106) 952AP02","19","1.0.32","http://10.131.214.126:8080","863717050734313","on","off","STS_NORMAL",,"T155100","VehicleStatusActive"
"(5109) 992AQ02","19","1.0.32","http://10.131.214.122:8080","863717050728810","on","off","STS_NORMAL",,"T156993","VehicleStatusActive"
"(5110) 986AP02","19","1.0.32","http://10.131.214.242:8080","863717050720437","on","off","STS_NORMAL",,"","VehicleStatusActive"
"(9021) 938CO02","202","1.0.32","http://10.131.239.191:8080","863717050715171","on","off","STS_NORMAL",,"T089513","VehicleStatusActive"
"(9023) 940CO02","202","1.0.32","http://10.131.239.185:8080","863717050704423","on","off","UNKNOWN",,"T089519","VehicleStatusActive"
"(9025) 942CO02","202","1.0.32","http://10.131.239.181:8080","863717050714075","on","off","STS_NORMAL",,"T089465","VehicleStatusActive"
"(9026) 944CO02","202","1.0.32","http://10.131.239.232:8080","863717050711154","on","off","STS_NORMAL",,"T089466","VehicleStatusActive"
"(9027) 946CO02","202","1.0.32","http://10.131.239.180:8080","863717050732754","on","off","STS_NORMAL",,"","VehicleStatusActive"
"(9028) 951CO02","202","1.0.32","http://10.131.239.219:8080","863717050723696","on","off","STS_NORMAL",,"","VehicleStatusActive"
"(9029) 952CO02","202","1.0.32","http://10.131.239.229:8080","863717050724595","on","off","STS_NORMAL",,"T089475","VehicleStatusActive"
"(9031) 954CO02","202","1.0.32","http://10.131.240.93:8080","863717050722250","on","off","STS_NORMAL",,"T089481","VehicleStatusActive"
"(9032) 955CO02","202","1.0.32","http://10.131.239.175:8080","863717050702104","on","off","STS_NORMAL",,"T089484","VehicleStatusActive"
"(9033) 956CO02","202","1.0.32","http://10.131.239.189:8080","863717050701445","on","off","STS_NORMAL",,"T089487","VehicleStatusActive"
"(9037) 961CO02","202","1.0.32","http://10.131.239.178:8080","863717050705123","on","off","STS_NORMAL",,"T089499","VehicleStatusActive"
"(9038) 962CO02","202","1.0.32","http://10.131.239.228:8080","863717050711972","on","off","STS_NORMAL",,"T089504","VehicleStatusActive"
"(9043) 967CO02","202","1.0.32","http://10.131.239.182:8080","863717050709927","on","off","STS_NORMAL",,"T089362","VehicleStatusActive"
"(9069) 477CS02","202","1.0.32","http://10.131.239.177:8080","863717050705347","on","off","STS_NORMAL",,"T089434","VehicleStatusUnknown"
"(9123) 250ER02","202","1.0.32","http://10.131.239.147:8080","863717050724199","on","off","STS_NORMAL",,"T155703","VehicleStatusActive"
"(9124) 255ER02","202","1.0.32","http://10.131.239.137:8080","863717050732556","on","off","STS_NORMAL",,"T155297","VehicleStatusActive"
"(9184) 857ET02","202","1.0.32","http://10.131.239.112:8080","863717050731715","on","off","UNKNOWN",,"T154384","VehicleStatusActive"
"(9039) 963CO02","205","1.0.32","http://10.131.240.102:8080","863717050735971","on","off","UNKNOWN",,"T089437","VehicleStatusActive"
"(9040) 964CO02","205","1.0.32","http://10.131.240.112:8080","863717050733794","on","off","STS_NORMAL",,"T089442","VehicleStatusUnknown"
"(9044) 968CO02","205","1.0.32","http://10.131.240.119:8080","863717050735799","on","off","STS_NORMAL",,"T089393","VehicleStatusActive"
"(9045) 970CO02","205","1.0.32","http://10.131.240.213:8080","863717050715098","on","off","STS_NORMAL",,"T089379","VehicleStatusActive"
"(9046) 971CO02","205","1.0.32","http://10.131.240.103:8080","863717050726798","on","off","STS_NORMAL",,"T089382","VehicleStatusActive"
"(9047) 972CO02","205","1.0.32","http://10.131.239.231:8080","863717050718514","on","off","STS_NORMAL",,"T089385","VehicleStatusActive"
"(9048) 973CO02","205","1.0.32","http://10.131.240.122:8080","863717050731913","on","off","STS_NORMAL",,"T089364","VehicleStatusInRepair"
"(9049) 974CO02","205","1.0.32","http://10.131.240.109:8080","863717050734958","on","off","UNKNOWN",,"T089367","VehicleStatusActive"
"(9050) 975CO02","205","1.0.32","http://10.131.240.1:8080","863717050710511","on","off","STS_NORMAL",,"T089368","VehicleStatusActive"
"(9051) 976CO02","205","1.0.32","http://10.131.240.12:8080","863717050734230","on","off","STS_NORMAL",,"T089371","VehicleStatusActive"
"(9053) 978CO02","205","1.0.32","http://10.131.240.214:8080","863717050732838","on","off","STS_NORMAL",,"T089377","VehicleStatusActive"
"(9054) 980CO02","205","1.0.32","http://10.131.240.111:8080","863717050709307","on","off","STS_NORMAL",,"T089444","VehicleStatusActive"
"(9055) 981CO02","205","1.0.32","http://10.131.240.187:8080","863717050707525","on","off","STS_NORMAL",,"T089447","VehicleStatusActive"
"(9056) 982CO02","205","1.0.32","http://10.131.240.79:8080","863717050707020","on","off","STS_NORMAL",,"T089448","VehicleStatusActive"
"(9057) 983CO02","205","1.0.32","http://10.131.240.113:8080","863717050734776","on","off","STS_NORMAL",,"T089400","VehicleStatusActive"
"(9058) 984CO02","205","1.0.32","http://10.131.240.220:8080","863717050733638","on","off","STS_NORMAL",,"T089401","VehicleStatusActive"
"(9059) 985CO02","205","1.0.32","http://10.131.240.110:8080","863717050732432","on","off","STS_NORMAL",,"T089404","VehicleStatusActive"
"(9060) 986CO02","205","1.0.32","http://10.131.240.85:8080","863717050723373","on","off","UNKNOWN",,"","VehicleStatusActive"
"(9061) 987CO02","205","1.0.32","http://10.131.240.106:8080","863717050735732","on","off","STS_NORMAL",,"T089410","VehicleStatusActive"
"(9062) 988CO02","205","1.0.32","http://10.131.240.216:8080","863717050725139","on","off","UNKNOWN",,"T089413","VehicleStatusActive"
"(9063) 991CO02","205","1.0.32","http://10.131.240.215:8080","863717050716690","on","off","UNKNOWN",,"T089418","VehicleStatusActive"
"(9064) 993CO02","205","1.0.32","http://10.131.240.15:8080","863717050709026","on","off","STS_NORMAL",,"T089421","VehicleStatusActive"
"(9065) 994CO02","205","1.0.32","http://10.131.240.108:8080","863717050736276","on","off","UNKNOWN",,"T089424","VehicleStatusActive"
"(9066) 995CO02","205","1.0.32","http://10.131.240.121:8080","863717050736334","on","off","STS_NORMAL",,"T089427","VehicleStatusActive"
"(9067) 996CO02","205","1.0.32","http://10.131.240.107:8080","863717050736912","on","off","UNKNOWN",,"T089428","VehicleStatusActive"
"(9068) 998CO02","205","1.0.32","http://10.131.240.115:8080","863717050726814","on","off","STS_NORMAL",,"T089432","VehicleStatusActive"
"(9223) 182EU02","206","1.0.32","http://10.131.239.105:8080","863717050722417","on","off","STS_NORMAL",,"T154496","VehicleStatusActive"
"(9224) 277EU02","206","1.0.32","http://10.131.239.141:8080","863717050730675","on","off","STS_NORMAL",,"T154536","VehicleStatusActive"
"(9226) 287EU02","206","1.0.32","http://10.131.239.114:8080","863717050736458","on","off","STS_NORMAL",,"T154509","VehicleStatusActive"
"(9227) 307EU02","206","1.0.32","http://10.131.239.95:8080","863717050736193","on","off","UNKNOWN",,"T154516","VehicleStatusActive"
"(9230) 414EU02","206","1.0.32","http://10.131.239.94:8080","863717050736870","on","off","UNKNOWN",,"T154609","VehicleStatusActive"
"(9231) 753ER02","206","1.0.32","http://10.131.240.92:8080","863717050729958","on","off","UNKNOWN",,"T153629","VehicleStatusActive"
"(9232) 724ER02","206","1.0.32","http://10.131.214.98:8080","863717050736797","on","off","UNKNOWN",,"T154701","VehicleStatusActive"
"(9233) 396EU02","206","1.0.32","http://10.131.239.101:8080","863717050723910","on","off","UNKNOWN",,"","VehicleStatusActive"
"(9235) 728ER02","206","1.0.32","http://10.131.239.148:8080","863717050721518","on","off","UNKNOWN",,"T154689","VehicleStatusUnknown"
"(9236) 683ER02","206","1.0.32","http://10.131.214.140:8080","863717050737415","on","off","STS_NORMAL",,"T153688","VehicleStatusActive"
"(9237) 698ER02","206","1.0.32","http://10.131.239.97:8080","863717050731079","on","off","UNKNOWN",,"T153697","VehicleStatusActive"
"(9238) 517ER02","206","1.0.32","http://10.131.239.145:8080","863717050737217","on","off","STS_NORMAL",,"T154647","VehicleStatusActive"
"129DJ02","225","1.0.32","http://10.131.239.239:8080","863717050719975","on","off","STS_NORMAL",,"T158335","VehicleStatusActive"
"146DJ02","225","1.0.32","http://10.131.239.226:8080","863717050708788","on","off","STS_NORMAL",,"T156915","VehicleStatusActive"
"159DJ02","225","1.0.32","http://10.131.239.166:8080","863717050734834","on","off","STS_NORMAL",,"T158382","VehicleStatusActive"
"186DJ02","225","1.0.32","http://10.131.239.248:8080","863717050723654","on","off","STS_NORMAL",,"T158345","VehicleStatusActive"
"264DJ02","225","1.0.32","http://10.131.239.247:8080","863717050725311","on","off","STS_NORMAL",,"T158298","VehicleStatusActive"
"291DJ02","225","1.0.32","http://10.131.239.246:8080","863717050716294","on","off","STS_NORMAL",,"","VehicleStatusActive"
"308DJ02","225","1.0.32","http://10.131.239.245:8080","863717050721955","on","off","STS_NORMAL",,"T154928","VehicleStatusActive"
"316DJ02","225","1.0.32","http://10.131.240.9:8080","863717050702385","on","off","STS_NORMAL",,"T155199","VehicleStatusActive"
"318DJ02","225","1.0.32","http://10.131.239.237:8080","863717050727093","on","off","STS_NORMAL",,"T155187","VehicleStatusActive"
"321DJ02","225","1.0.32","http://10.131.239.238:8080","863717050717193","on","off","STS_NORMAL",,"T158329","VehicleStatusActive"
"323DJ02","225","1.0.32","http://10.131.239.244:8080","863717050735039","on","off","STS_NORMAL",,"T089548","VehicleStatusActive"
"331DJ02","225","1.0.32","http://10.131.239.242:8080","863717050718373","on","off","STS_NORMAL",,"T158380","VehicleStatusActive"
"442EQ02","225","1.0.32","http://10.131.239.156:8080","863717050727770","on","off","STS_NORMAL",,"T158379","VehicleStatusActive"
"639LZ02","225","1.0.32","http://10.131.239.158:8080","863717050734354","on","off","STS_NORMAL",,"T158381","VehicleStatusActive"
"681LZ02","225","1.0.32","http://10.131.239.235:8080","863717050721435","on","off","STS_NORMAL",,"","VehicleStatusActive"
"684LZ02","225","1.0.32","http://10.131.239.217:8080","863717050720379","on","off","STS_NORMAL",,"T158341","VehicleStatusActive"
"691LZ02","225","1.0.32","http://10.131.239.241:8080","863717050716377","on","off","STS_NORMAL",,"T155196","VehicleStatusActive"
"697LZ02","225","1.0.32","http://10.131.239.171:8080","863717050737233","on","off","STS_NORMAL",,"","VehicleStatusActive"
"698LZ02","225","1.0.32","http://10.131.239.240:8080","863717050701304","on","off","STS_NORMAL",,"T158384","VehicleStatusActive"
"484EQ02","233","1.0.32","http://10.131.239.224:8080","863717050713234","on","off","STS_NORMAL",,"T157798","VehicleStatusActive"
"485EQ02","233","1.0.32","http://10.131.214.110:8080","863717050702021","on","off","STS_NORMAL",,"T158186","VehicleStatusActive"
"494EQ02","233","1.0.32","http://10.131.239.216:8080","863717050714836","on","off","STS_NORMAL",,"T157789","VehicleStatusActive"
"498EQ02","233","1.0.32","http://10.131.239.193:8080","863717050728216","on","off","STS_NORMAL",,"T157212","VehicleStatusActive"
"502EQ02","233","1.0.32","http://10.131.239.199:8080","863717050723639","on","off","STS_NORMAL",,"T157628","VehicleStatusActive"
"503EQ02","233","1.0.32","http://10.131.214.133:8080","863717050734552","on","off","STS_NORMAL",,"T157234","VehicleStatusActive"
"504EQ02","233","1.0.32","http://10.131.239.198:8080","863717050725774","on","off","STS_NORMAL",,"T157981","VehicleStatusActive"
"508EQ02","233","1.0.32","http://10.131.240.35:8080","863717050713010","on","off","STS_NORMAL",,"T157744","VehicleStatusActive"
"(2770) 728EW02","24","1.0.32","http://10.131.240.3:8080","863717050709042","on","off","UNKNOWN",,"T158283","VehicleStatusActive"
"(2772) 756EW02","24","1.0.32","http://10.131.240.80:8080","863717050718159","on","off","UNKNOWN",,"T158362","VehicleStatusActive"
"(2774) 768EW02","24","1.0.32","http://10.131.240.13:8080","863717050711295","on","off","UNKNOWN",,"T158276","VehicleStatusActive"
"(2775) 769EW02","24","1.0.32","http://10.131.240.98:8080","863717050728398","on","off","UNKNOWN",,"T158324","VehicleStatusActive"
"(2776) 776EW02","24","1.0.32","http://10.131.240.16:8080","863717050728059","on","off","UNKNOWN",,"T158332","VehicleStatusActive"
"(2777) 783EW02","24","1.0.32","http://10.131.240.116:8080","863717050735112","on","off","UNKNOWN",,"","VehicleStatusActive"
"(2778) 790EW02","24","1.0.32","http://10.131.240.5:8080","863717050710149","on","off","UNKNOWN",,"T158350","VehicleStatusActive"
"(2779) 804EW02","24","1.0.32","http://10.131.240.71:8080","863717050708267","on","off","UNKNOWN",,"T158572","VehicleStatusActive"
"(2780) 812EW02","24","1.0.32","http://10.131.240.70:8080","863717050716518","on","off","UNKNOWN",,"T158367","VehicleStatusActive"
"(2781) 814EW02","24","1.0.32","http://10.131.240.7:8080","863717050715858","on","off","UNKNOWN",,"T158369","VehicleStatusActive"
"(2782) 819EW02","24","1.0.32","http://10.131.240.73:8080","863717050718357","on","off","UNKNOWN",,"T158275","VehicleStatusActive"
"243EQ02","240","1.0.32","http://10.131.239.200:8080","863717050719694","on","off","STS_NORMAL",,"T157220","VehicleStatusActive"
"296EQ02","240","1.0.32","http://10.131.214.237:8080","863717050719314","on","off","STS_NORMAL",,"T157576","VehicleStatusActive"
"340EQ02","240","1.0.32","http://10.131.239.211:8080","863717050725436","on","off","STS_NORMAL",,"T157756","VehicleStatusActive"
"392EQ02","240","1.0.32","http://10.131.239.212:8080","863717050737951","on","off","STS_NORMAL",,"T157208","VehicleStatusActive"
"396EQ02","240","1.0.32","http://10.131.239.204:8080","863717050715056","on","off","STS_NORMAL",,"T157692","VehicleStatusActive"
"406EQ02","240","1.0.32","http://10.131.239.208:8080","863717050725378","on","off","STS_NORMAL",,"T157578","VehicleStatusActive"
"429EQ02","240","1.0.32","http://10.131.214.120:8080","863717050709521","on","off","STS_NORMAL",,"","VehicleStatusActive"
"432EQ02","240","1.0.32","http://10.131.239.215:8080","863717050713291","on","off","STS_NORMAL",,"T157518","VehicleStatusActive"
"440EQ02","240","1.0.32","http://10.131.239.210:8080","863717050723977","on","off","STS_NORMAL",,"T157247","VehicleStatusActive"
"205EH02","26","1.0.32","http://10.131.214.115:8080","863717050720338","on","off","STS_NORMAL",,"T155407","VehicleStatusActive"
"827EA02","26","1.0.32","http://10.131.214.111:8080","863717050715833","on","off","STS_NORMAL",,"T060592","VehicleStatusActive"
"837EA02","26","1.0.32","http://10.131.214.55:8080","863717050715031","on","off","UNKNOWN",,"T155587","VehicleStatusActive"
"874EA02","26","1.0.32","http://10.131.214.102:8080","863717050705248","on","off","UNKNOWN",,"T060023","VehicleStatusActive"
"876EA02","26","1.0.32","http://10.131.214.106:8080","863717050701726","on","off","STS_NORMAL",,"T060013","VehicleStatusActive"
"(5080) 290AJ02","28","1.0.32","http://10.131.214.144:8080","863717050726434","on","off","STS_NORMAL",,"T157719","VehicleStatusActive"
"(5082) 224AJ02","28","1.0.32","http://10.131.214.66:8080","863717050724439","on","off","STS_NORMAL",,"T157772","VehicleStatusActive"
"(5083) 231AJ02","28","1.0.32","http://10.131.214.70:8080","863717050731533","on","off","STS_NORMAL",,"T155094","VehicleStatusActive"
"(9133) 266ER02","29","1.0.32","http://10.131.240.46:8080","863717050732473","on","off","STS_NORMAL",,"T154459","VehicleStatusActive"
"(9134) 375ER02","29","1.0.32","http://10.131.240.52:8080","863717050730071","on","off","UNKNOWN",,"T154502","VehicleStatusActive"
"(9136) 387ER02","29","1.0.32","http://10.131.240.55:8080","863717050729792","on","off","STS_NORMAL",,"T155448","VehicleStatusInRepair"
"(9137) 352ER02","29","1.0.32","http://10.131.240.51:8080","863717050728596","on","off","UNKNOWN",,"T154532","VehicleStatusActive"
"(9138) 384ER02","29","1.0.32","http://10.131.240.50:8080","863717050704126","on","off","STS_NORMAL",,"T155532","VehicleStatusActive"
"(9140) 350ER02","29","1.0.32","http://10.131.240.17:8080","863717050702542","on","off","STS_NORMAL",,"T153649","VehicleStatusActive"
"(9141) 308ER02","29","1.0.32","http://10.131.240.75:8080","863717050719256","on","off","STS_NORMAL",,"T154522","VehicleStatusActive"
"(9142) 366ER02","29","1.0.32","http://10.131.240.59:8080","863717050718472","on","off","STS_NORMAL",,"T154476","VehicleStatusActive"
"(9144) 365ER02","29","1.0.32","http://10.131.239.253:8080","863717050708986","on","off","UNKNOWN",,"T154542","VehicleStatusActive"
"(9145) 369ER02","29","1.0.32","http://10.131.240.44:8080","863717050726616","on","off","STS_NORMAL",,"T155479","VehicleStatusActive"
"(9146) 370ER02","29","1.0.32","http://10.131.239.183:8080","863717050714174","on","off","UNKNOWN",,"T154382","VehicleStatusInRepair"
"(9149) 214ER02","29","1.0.32","http://10.131.240.58:8080","863717050729651","on","off","STS_NORMAL",,"","VehicleStatusActive"
"(9151) 318ER02","29","1.0.32","http://10.131.240.198:8080","863717050703524","on","off","STS_NORMAL",,"T154540","VehicleStatusActive"
"(9153) 373ER02","29","1.0.32","http://10.131.240.82:8080","863717050706089","on","off","STS_NORMAL",,"T153699","VehicleStatusActive"
"(9154) 389ER02","29","1.0.32","http://10.131.240.63:8080","863717050731434","on","off","STS_NORMAL",,"T155746","VehicleStatusActive"
"(9155) 380ER02","29","1.0.32","http://10.131.240.45:8080","863717050730352","on","off","STS_NORMAL",,"T155771","VehicleStatusInRepair"
"(9156) 361ER02","29","1.0.32","http://10.131.240.62:8080","863717050735195","on","off","STS_NORMAL",,"T155704","VehicleStatusActive"
"(9157) 413ER02","29","1.0.32","http://10.131.240.61:8080","863717050737456","on","off","STS_NORMAL",,"T155726","VehicleStatusActive"
"(9188) 194EU02","29","1.0.32","http://10.131.240.197:8080","863717050701106","on","off","STS_NORMAL",,"T153681","VehicleStatusUnknown"
"(9220) 285EU02","29","1.0.32","http://10.131.240.178:8080","863717050737092","on","off","STS_NORMAL",,"T153824","VehicleStatusActive"
"(9221) 275EU02","29","1.0.32","http://10.131.240.233:8080","863717050710552","on","off","UNKNOWN",,"T154354","VehicleStatusInRepair"
"(9239) 293EU02","29","1.0.32","http://10.131.214.143:8080","863717050731319","on","off","STS_NORMAL",,"T155106","VehicleStatusActive"
"(9240) 394EU02","29","1.0.32","http://10.131.239.152:8080","863717050728117","on","off","UNKNOWN",,"T155015","VehicleStatusActive"
"(9241) 407EU02","29","1.0.32","http://10.131.240.88:8080","863717050724454","on","off","STS_NORMAL",,"T155320","VehicleStatusActive"
"(9130) 324EN02","29P","1.0.32","http://10.131.239.150:8080","863717050727937","on","off","STS_NORMAL",,"T155713","VehicleStatusActive"
"(9131) 262ER02","29P","1.0.32","http://10.131.240.199:8080","863717050701783","on","off","STS_NORMAL",,"T155399","VehicleStatusUnknown"
"(9132) 692ES02","29P","1.0.32","http://10.131.240.193:8080","863717050703789","on","off","UNKNOWN",,"T155298","VehicleStatusActive"
"384CN02","41","1.0.32","http://10.131.239.225:8080","863717050719330","on","off","STS_NORMAL",,"T157742","VehicleStatusActive"
"385CN02","41","1.0.32","http://10.131.239.206:8080","863717050729396","on","off","STS_NORMAL",,"T157723","VehicleStatusActive"
"386CN02","41","1.0.32","http://10.131.214.114:8080","863717050703342","on","off","STS_NORMAL",,"T157606","VehicleStatusActive"
"387CN02","41","1.0.32","http://10.131.239.124:8080","863717050729230","on","off","STS_NORMAL",,"T158190","VehicleStatusActive"
"388CN02","41","1.0.32","http://10.131.239.197:8080","863717050734792","on","off","STS_NORMAL",,"T157504","VehicleStatusIdle"
"389CN02","41","1.0.32","http://10.131.214.123:8080","863717050714919","on","off","STS_NORMAL",,"T157604","VehicleStatusActive"
"390CN02","41","1.0.32","http://10.131.239.194:8080","863717050725030","on","off","STS_NORMAL",,"T157618","VehicleStatusActive"
"394CN02","41","1.0.32","http://10.131.239.202:8080","863717050729974","on","off","STS_NORMAL",,"T158001","VehicleStatusActive"
"457EQ02","41","1.0.32","http://10.131.214.121:8080","863717050737290","on","off","STS_NORMAL",,"T154904","VehicleStatusActive"
"532EQ02","41","1.0.32","http://10.131.239.203:8080","863717050712616","on","off","STS_NORMAL",,"T157570","VehicleStatusActive"
"560EQ02","41","1.0.32","http://10.131.239.250:8080","863717050723357","on","off","STS_NORMAL",,"T157441","VehicleStatusActive"
"293DJ02","42","1.0.32","http://10.131.214.119:8080","863717050716617","on","off","STS_NORMAL",,"T157232","VehicleStatusActive"
"305DJ02","42","1.0.32","http://10.131.239.205:8080","863717050722136","on","off","STS_NORMAL",,"T157727","VehicleStatusActive"
"611LZ02","42","1.0.32","http://10.131.239.223:8080","863717050717037","on","off","STS_NORMAL",,"T157226","VehicleStatusActive"
"618LZ02","42","1.0.32","http://10.131.240.18:8080","863717050734578","on","off","STS_NORMAL",,"T157705","VehicleStatusActive"
"682LZ02","42","1.0.32","http://10.131.240.6:8080","863717050737191","on","off","STS_NORMAL",,"T157235","VehicleStatusActive"
"687LZ02","42","1.0.32","http://10.131.239.213:8080","863717050726251","on","off","STS_NORMAL",,"T157689","VehicleStatusActive"
"692LZ02","42","1.0.32","http://10.131.239.195:8080","863717050729735","on","off","STS_NORMAL",,"T157249","VehicleStatusActive"
"693LZ02","42","1.0.32","http://10.131.239.157:8080","863717050735674","on","off","STS_NORMAL",,"T157608","VehicleStatusActive"
"206EH02","5","1.0.32","http://10.131.214.107:8080","863717050699771","on","off","UNKNOWN",,"T155382",6
"852EA02","5","1.0.32","http://10.131.214.56:8080","863717050705081","on","off","UNKNOWN",,"T155593","VehicleStatusActive"
"892EA02","5","1.0.32","http://10.131.214.109:8080","863717050706006","on","off","UNKNOWN",,"T155378","VehicleStatusActive"
"(9244) 190EU02","52","1.0.32","http://10.131.239.93:8080","863717050729198","on","off","STS_NORMAL",,"T155172","VehicleStatusUnknown"
"(9246) 227EV02","52","1.0.32","http://10.131.240.209:8080","863717050714471","on","off","STS_NORMAL",,"T157919","VehicleStatusActive"
"(9247) 229EV02","52","1.0.32","http://10.131.240.207:8080","863717050721252","on","off","STS_NORMAL",,"T157059","VehicleStatusActive"
"(9248) 225EV02","52","1.0.32","http://10.131.240.168:8080","863717050704449","on","off","STS_NORMAL",,"T157966","VehicleStatusActive"
"(9249) 255EV02","52","1.0.32","http://10.131.240.166:8080","863717050721658","on","off","STS_NORMAL",,"","VehicleStatusActive"
"(9251) 041EW02","52","1.0.32","http://10.131.240.171:8080","863717050718571","on","off","UNKNOWN",,"T157916","VehicleStatusActive"
"(9252) 173FC02","52","1.0.32","http://10.131.240.208:8080","863717050716419","on","off","STS_NORMAL",,"T157093","VehicleStatusActive"
"(9253) 178FC02","52","1.0.32","http://10.131.240.206:8080","863717050722094","on","off","STS_NORMAL",,"T157097","VehicleStatusActive"
"(9254) 192FC02","52","1.0.32","http://10.131.240.172:8080","863717050722458","on","off","STS_NORMAL",,"T157105","VehicleStatusActive"
"(9255) 194FC02","52","1.0.32","http://10.131.240.162:8080","863717050727697","on","off","UNKNOWN",,"T157960","VehicleStatusInRepair"
"(9256) 213FC02","52","1.0.32","http://10.131.239.143:8080","863717050735575","on","off","STS_NORMAL",,"T157145","VehicleStatusActive"
"(9258) 238FC02","52","1.0.32","http://10.131.240.174:8080","863717050724793","on","off","STS_NORMAL",,"T157242","VehicleStatusActive"
"(9259) 239FC02","52","1.0.32","http://10.131.240.164:8080","863717050722714","on","off","STS_NORMAL",,"T154014","VehicleStatusActive"
"(9260) 243FC02","52","1.0.32","http://10.131.240.161:8080","863717050717656","on","off","STS_NORMAL",,"T157085","VehicleStatusActive"
"(9261) 248FC02","52","1.0.32","http://10.131.240.175:8080","863717050728695","on","off","STS_NORMAL",,"T158244","VehicleStatusActive"
"(9262) 258FC02","52","1.0.32","http://10.131.240.160:8080","863717050721153","on","off","UNKNOWN",,"T157127","VehicleStatusActive"
"(9263) 264FC02","52","1.0.32","http://10.131.240.165:8080","863717050714653","on","off","STS_NORMAL",,"T157151","VehicleStatusActive"
"(9264) 267FC02","52","1.0.32","http://10.131.240.167:8080","863717050731277","off","off","STS_NORMAL",,"T157065","VehicleStatusActive"
"(9266) 276FC02","52","1.0.32","http://10.131.240.170:8080","863717050711477","on","off","STS_NORMAL",,"T158218","VehicleStatusActive"
"(9269) 283FC02","52","1.0.32","http://10.131.240.23:8080","863717050729032","on","off","STS_NORMAL",,"T157087","VehicleStatusActive"
"(9270) 293FC02","52","1.0.32","http://10.131.240.24:8080","863717050713655","on","off","STS_NORMAL",,"T154572","VehicleStatusInRepair"
"(9271) 297FC02","52","1.0.32","http://10.131.240.22:8080","863717050718779","on","off","STS_NORMAL",,"T157971","VehicleStatusActive"
"834EA02","5А","1.0.32","http://10.131.214.113:8080","863717050702682","on","off","STS_NORMAL",,"T155340","VehicleStatusActive"
"862EA02","5А","1.0.32","http://10.131.214.54:8080","863717050704043","on","off","UNKNOWN",,"T155247","VehicleStatusActive"
"836EA02","5Б","1.0.32","http://10.131.214.103:8080","863717050705982","off","off","STS_NORMAL",,"T015014","VehicleStatusActive"
"864EA02","5Б","1.0.32","http://10.131.214.52:8080","863717050700967","on","off","STS_NORMAL",,"T155384","VehicleStatusActive"
"871EA02","5Б","1.0.32","http://10.131.214.108:8080","863717050704084","on","off","STS_NORMAL",,"T013899","VehicleStatusActive"
"204EH02","5в","1.0.32","http://10.131.214.131:8080","863717050708648","on","off","UNKNOWN",,"T013692","VehicleStatusActive"
"821EA02","5в","1.0.32","http://10.131.214.105:8080","863717050712871","on","off","STS_NORMAL",,"T014435","VehicleStatusActive"
"(2520) 634EU02","63","1.0.32","http://10.131.246.167:8080","863717050708127","on","off","STS_NORMAL",,"T154712","VehicleStatusActive"
"(2521) 628EU02","63","1.0.32","http://10.131.246.183:8080","863717050704142","on","off","STS_NORMAL",,"","VehicleStatusActive"
"(2524) 608EU02","63","1.0.32","http://10.131.246.165:8080","863717050712236","on","off","STS_NORMAL",,"T154696","VehicleStatusActive"
"(2525) 608EU02","63","1.0.32","http://10.131.246.184:8080","863717050702161","on","off","UNKNOWN",,"","VehicleStatusActive"
"(2528) 629EU02","63","1.0.32","http://10.131.240.148:8080","863717050733950","on","off","UNKNOWN",,"T154766","VehicleStatusActive"
"(2530) 599EU02","63","1.0.32","http://10.131.240.140:8080","863717050712459","on","off","STS_NORMAL",,"T155811","VehicleStatusActive"
"(2532) 571EU02","63","1.0.32","http://10.131.240.147:8080","863717050733612","on","off","STS_NORMAL",,"T154597","VehicleStatusActive"
"(2533) 572EU02","63","0.1.31","http://10.131.240.142:8080","863717050728372","on","off","STS_NORMAL",,"T154763","VehicleStatusActive"
"(2605) 625EU02","63","1.0.32","http://10.131.240.143:8080","863717050721336","on","off","STS_NORMAL",,"T155464","VehicleStatusActive"
"(2623) 423EU02","63","1.0.32","http://10.131.240.144:8080","863717050734818","on","off","UNKNOWN",,"T154603","VehicleStatusActive"
"(3357) 078LF02","63","1.0.32","http://10.131.240.190:8080","863717050714877","on","off","STS_NORMAL",,"T073964","VehicleStatusActive"
"(2534) 637EU02","63A","1.0.32","http://10.131.240.226:8080","863717050712558","on","off","STS_NORMAL",,"T155461","VehicleStatusActive"
"(2535) 662EU02","63A","1.0.32","http://10.131.240.235:8080","863717050709646","on","off","STS_NORMAL",,"T155801","VehicleStatusActive"
"(2541) 631EU02","63A","1.0.32","http://10.131.240.84:8080","863717050738033","on","off","STS_NORMAL",,"T155550","VehicleStatusActive"
"(2542) 564EU02","63A","1.1.33","http://10.131.240.205:8080","863717050716872","on","off","UNKNOWN",,"T154527","VehicleStatusActive"
"(2544) 546EU02","63A","1.0.32","http://10.131.240.227:8080","863717050709562","on","off","STS_NORMAL",,"T155542","VehicleStatusActive"
"(2548) 297EU02","63A","1.0.32","http://10.131.240.204:8080","863717050706220","on","off","UNKNOWN",,"T155473","VehicleStatusActive"
"(2549) 592EU02","63A","1.0.32","http://10.131.240.237:8080","863717050707541","on","off","STS_NORMAL",,"T155805","VehicleStatusActive"
"(2556) 569EU02","63A","1.0.32","http://10.131.240.203:8080","863717050719777","on","off","STS_NORMAL",,"T153811","VehicleStatusActive"
"(2558) 541EU02","63A","1.0.36","http://10.131.240.225:8080","863717050717813","on","off","STS_NORMAL",,"T155489","VehicleStatusActive"
"(2588) 566EU02","63A","1.0.32","http://10.131.240.184:8080","863717050723878","on","off","STS_NORMAL",,"T154724","VehicleStatusActive"
"(2593) 623EU02","63A","1.0.36","http://10.131.240.186:8080","863717050722011","on","off","STS_NORMAL",,"T155475","VehicleStatusActive"
"(2596) 613EU02","63A","1.0.32","http://10.131.240.234:8080","863717050702203","on","off","STS_NORMAL",,"T153834","VehicleStatusActive"
"(2619) 331EU02","63A","1.0.32","http://10.131.240.232:8080","863717050709703","on","off","STS_NORMAL",,"T154490","VehicleStatusActive"
"(5018) 622DS02","88","1.0.32","http://10.131.214.228:8080","863717050713994","on","off","STS_NORMAL",,"T060308","VehicleStatusActive"
"(5019) 621DS02","88","1.0.32","http://10.131.239.125:8080","863717050727358","on","off","STS_NORMAL",,"T060307","VehicleStatusActive"
"(5020) 610DS02","88","1.0.32","http://10.131.214.67:8080","863717050719553","on","off","UNKNOWN",,"T060305","VehicleStatusActive"
"(5027) 609DS02","88","1.0.32","http://10.131.239.113:8080","863717050727077","on","off","STS_NORMAL",,"T155102","VehicleStatusActive"
"(5032) 349HD02","88","1.0.32","http://10.131.214.78:8080","863717050718431","on","off","STS_NORMAL",,"T060582","VehicleStatusActive"
"(5033) 348HD02","88","1.0.32","http://10.131.239.119:8080","863717050736490","on","off","STS_NORMAL",,"T060016","VehicleStatusActive"
"(5034) 404HD02","88","1.0.32","http://10.131.214.65:8080","863717050729693","on","off","STS_NORMAL",,"T060290","VehicleStatusActive"
"(5039) 342HD02","88","1.0.32","http://10.131.214.235:8080","863717050715312","on","off","STS_NORMAL",,"T060289","VehicleStatusActive"
"(5043) 394HD02","88","1.0.32","http://10.131.214.142:8080","863717050733117","on","off","STS_NORMAL",,"T060433","VehicleStatusActive"
"(5047) 414HD02","88","1.0.32","http://10.131.214.91:8080","863717050733679","on","off","STS_NORMAL",,"T060489","VehicleStatusActive"
"(5076) 993AQ02","88","1.0.32","http://10.131.214.92:8080","863717050735914","on","off","STS_NORMAL",,"T157005","VehicleStatusActive"
"(5112) 958AP02","88","1.0.32","http://10.131.214.93:8080","863717050726392","on","off","STS_NORMAL",,"T138902","VehicleStatusActive"
"(5006) 953DR02","89","1.0.32","http://10.131.214.148:8080","863717050737993","on","off","STS_NORMAL",,"T158279","VehicleStatusActive"
"(5007) 657DR02","89","1.0.32","http://10.131.214.88:8080","863717050733596","on","off","STS_NORMAL",,"T012730","VehicleStatusActive"
"(5008) 959DR02","89","1.0.32","http://10.131.214.86:8080","863717050736656","on","off","STS_NORMAL",,"T012814","VehicleStatusActive"
"(5009) 954DR02","89","1.0.32","http://10.131.214.238:8080","863717050708507","on","off","STS_NORMAL",,"T157685","VehicleStatusActive"
"(5014) 994DR02","89","1.0.32","http://10.131.214.87:8080","863717050736318","on","off","STS_NORMAL",,"T013730","VehicleStatusActive"
"(5016) 624DS02","89","1.0.32","http://10.131.214.151:8080","863717050701668","on","off","STS_NORMAL",,"T060309","VehicleStatusActive"
"(5022) 669DS02","89","1.0.32","http://10.131.214.75:8080","863717050734016","on","off","STS_NORMAL",,"T157228","VehicleStatusActive"
"(5024) 625DS02","89","1.0.32","http://10.131.214.94:8080","863717050704944","on","off","STS_NORMAL",,"T060256","VehicleStatusActive"
"(5025) 643DS02","89","1.0.32","http://10.131.214.60:8080","863717050730139","on","off","STS_NORMAL",,"T060254","VehicleStatusActive"
"(5026) 626DS02","89","1.0.32","http://10.131.214.83:8080","863717050716138","on","off","STS_NORMAL",,"T060252","VehicleStatusActive"
"(5116) 432DJ02","89","1.0.32","http://10.131.214.239:8080","863717050720015","on","off","STS_NORMAL",,"T154313","VehicleStatusIdle"
"(9102) 198ER02","95","1.0.32","http://10.131.240.229:8080","863717050705321","on","off","STS_NORMAL",,"T155693","VehicleStatusActive"
"(9103) 201ER02","95","1.0.32","http://10.131.240.221:8080","863717050734131","on","off","STS_NORMAL",,"T155422","VehicleStatusActive"
"(9104) 205ER02","95","1.0.32","http://10.131.240.231:8080","863717050717094","on","off","STS_NORMAL",,"T155466","VehicleStatusActive"
"(9105) 207ER02","95","1.0.32","http://10.131.240.222:8080","863717050705867","on","off","STS_NORMAL",,"T155623","VehicleStatusActive"
"(9106) 211ER02","95","1.0.32","http://10.131.240.236:8080","863717050715577","on","off","STS_NORMAL",,"","VehicleStatusActive"
"(9107) 218ER02","95","1.0.32","http://10.131.240.128:8080","863717050710396","on","off","STS_NORMAL",,"T155627","VehicleStatusActive"
"(9108) 223ER02","95","1.0.32","http://10.131.240.125:8080","863717050705669","on","off","STS_NORMAL",,"T155370","VehicleStatusActive"
"(9110) 227ER02","95","1.0.32","http://10.131.240.183:8080","863717050732390","on","off","STS_NORMAL",,"T155295","VehicleStatusActive"
"(9111) 228ER02","95","1.0.32","http://10.131.240.138:8080","863717050716211","on","off","STS_NORMAL",,"T155364","VehicleStatusActive"
"(9112) 229ER02","95","1.0.32","http://10.131.240.210:8080","863717050718712","on","off","STS_NORMAL",,"T155352","VehicleStatusActive"
"(9113) 230ER02","95","1.0.32","http://10.131.240.212:8080","863717050733919","on","off","STS_NORMAL",,"T155710","VehicleStatusActive"
"(9114) 231ER02","95","1.0.32","http://10.131.240.238:8080","863717050704407","on","off","UNKNOWN",,"T155701","VehicleStatusUnknown"
"(9115) 235EN02","95","1.0.32","http://10.131.240.179:8080","863717050726335","on","off","STS_NORMAL",,"T155458","VehicleStatusActive"
"(9116) 238ER02","95","1.0.32","http://10.131.240.41:8080","863717050737852","on","off","STS_NORMAL",,"T155655","VehicleStatusActive"
"(9117) 240ER02","95","1.0.32","http://10.131.240.123:8080","863717050714570","on","off","STS_NORMAL",,"","VehicleStatusActive"
"(9118) 243ER02","95","1.0.32","http://10.131.240.230:8080","863717050712913","on","off","STS_NORMAL",,"T155625","VehicleStatusActive"
"(9119) 244ER02","95","1.0.32","http://10.131.240.224:8080","863717050709588","on","off","UNKNOWN",,"","VehicleStatusActive"
"(9125) 257ER02","95","1.0.32","http://10.131.239.140:8080","863717050725352","on","off","STS_NORMAL",,"T155411","VehicleStatusActive"
"(9126) 258ER02","95","1.0.32","http://10.131.239.103:8080","863717050728752","on","off","STS_NORMAL",,"T155425","VehicleStatusActive"
"(9189) 231EU02","95","1.0.32","http://10.131.240.133:8080","863717050735633","on","off","STS_NORMAL",,"T157225","VehicleStatusActive"
"(9190) 091EU02","95","1.0.32","http://10.131.240.40:8080","863717050705388","on","off","STS_NORMAL",,"T157466","VehicleStatusInRepair"
"(9191) 206EU02","95","1.0.32","http://10.131.240.211:8080","863717050722979","on","off","STS_NORMAL",,"T157535","VehicleStatusActive"
"(9193) 170EU02","95","1.0.32","http://10.131.240.124:8080","863717050705560","on","off","UNKNOWN",,"T157537","VehicleStatusActive"
"(9194) 157EU02","95","1.0.32","http://10.131.240.228:8080","863717050716799","on","off","UNKNOWN",,"T157543","VehicleStatusActive"
"(5001) 054AZI05","98","1.0.32","http://10.131.214.138:8080","863717050721716","on","off","STS_NORMAL",,"T154030","VehicleStatusActive"
"(5075) 981AQ02","98","1.0.32","http://10.131.214.59:8080","863717050731491","on","off","STS_NORMAL",,"T138971","VehicleStatusActive"
"(5084) 218AJ02","98","1.0.32","http://10.131.214.85:8080","863717050732457","on","off","STS_NORMAL",,"T138931","VehicleStatusActive"
"(5088) 956AP02","98","1.0.32","http://10.131.214.225:8080","863717050708465","on","off","STS_NORMAL",,"T138916","VehicleStatusActive"
"(5089) 987AQ02","98","1.0.32","http://10.131.214.116:8080","863717050732655","on","off","STS_NORMAL",,"T138963","VehicleStatusActive"
"(5093) 997AQ02","98","1.0.32","http://10.131.214.79:8080","863717050734933","on","off","STS_NORMAL",,"","VehicleStatusActive"
"(5101) 947AQ02","98","1.0.32","http://10.131.239.110:8080","863717050738215","on","off","STS_NORMAL",,"T138969","VehicleStatusActive"
"(5108) 954AP02","98","1.0.32","http://10.131.239.222:8080","863717050726939","on","off","STS_NORMAL",,"T139007","VehicleStatusActive"
"(5111) 965AQ02","98","1.0.32","http://10.131.240.159:8080","863717050731517","on","off","STS_NORMAL",,"T139124","VehicleStatusActive"
"(5113) 982AQ02","98","1.0.32","http://10.131.239.120:8080","863717050737076","on","off","STS_NORMAL",,"T138981","VehicleStatusActive"
"(5114) 936AQ02","98","1.0.32","http://10.131.214.71:8080","863717050726673","on","off","STS_NORMAL",,"T138950","VehicleStatusActive"
"(5031) 398HD02","99","1.0.32","http://10.131.240.105:8080","863717050722938","on","off","STS_NORMAL",,"T060237","VehicleStatusActive"
"(5035) 319HD","99","1.0.32","http://10.131.214.227:8080","863717050718316","on","off","STS_NORMAL",,"T060229","VehicleStatusActive"
"(5036) 341HD02","99","1.0.32","http://10.131.214.68:8080","863717050707863","on","off","STS_NORMAL",,"T060303","VehicleStatusActive"
"(5045) 326HD02","99","1.0.32","http://10.131.214.222:8080","863717050721138","on","off","STS_NORMAL",,"T060516","VehicleStatusActive"
"(5046) 316HD02","99","1.0.32","http://10.131.214.76:8080","863717050728190","on","off","STS_NORMAL",,"T060234","VehicleStatusActive"
"(5048) 327HD02","99","1.0.32","http://10.131.214.58:8080","863717050728893","on","off","STS_NORMAL",,"T060232","VehicleStatusActive"
"(5049) 347HD02","99","1.0.32","http://10.131.214.96:8080","863717050733398","on","off","STS_NORMAL",,"T060556","VehicleStatusActive"
"(5054) 878LF02","99","1.0.32","http://10.131.214.234:8080","863717050727713","on","off","STS_NORMAL",,"T014145","VehicleStatusActive"
"(5060) 861LF02","99","1.0.32","http://10.131.214.226:8080","863717050714950","on","off","STS_NORMAL",,"T012916","VehicleStatusActive"
"(5064) 869LF02","99","1.0.32","http://10.131.214.80:8080","863717050726350","on","off","STS_NORMAL",,"T012375","VehicleStatusActive"
"(5066) 860LF02","99","1.0.32","http://10.131.214.73:8080","863717050713473","on","off","STS_NORMAL",,"T015162","VehicleStatusActive"
"(5077) 978AP02","99","1.0.32","http://10.131.214.69:8080","863717050715718","on","off","STS_NORMAL",,"T138928","VehicleStatusActive"
"(5079) 221AJ02","99","1.0.32","http://10.131.240.104:8080","863717050731459","on","off","STS_NORMAL",,"T157738","VehicleStatusActive"
"(5081) 975AQ02","99","1.0.32","http://10.131.239.126:8080","863717050714778","on","off","STS_NORMAL",,"T138952","VehicleStatusActive"
"(5085) 980AP02","99","1.0.32","http://10.131.239.127:8080","863717050730519","on","off","STS_NORMAL",,"T157748","VehicleStatusActive"
"(5105) 278AJ02","99","1.0.32","http://10.131.239.116:8080","863717050705602","on","off","STS_NORMAL",,"T139114","VehicleStatusActive"